step,total_steps,loss,kd_kl,stop_anchor,steer,lr,grad_norm,mem_gib,mem_peak_gib,s_per_step
1,613,2.3027,0.6345,6.3133,0.0002,1.67e-05,7.82,31.6,88.7,46.7
5,613,2.3921,0.7933,6.3264,0.0002,8.33e-05,52.73,31.6,88.7,47.3
10,613,2.1756,0.5913,6.3259,0.0001,0.000167,10.6,31.6,88.7,47.5
15,613,1.6734,0.7978,3.0027,0.0001,0.00025,3.73,31.6,88.7,47.5
20,613,1.0498,0.5971,1.0802,0.0001,0.000333,3.47,31.6,88.7,47.6
25,613,0.8154,0.5301,0.2384,0.0002,0.000417,1.04,31.6,88.7,47.6
30,613,0.5864,0.4005,0.0949,0.0001,0.0005,1.48,31.6,88.7,47.7
35,613,1.0335,0.7339,0.1735,0.1595,0.0005,1.22,31.6,88.7,47.6
40,613,0.8896,0.5829,0.0437,0.0007,0.0005,1.48,31.6,88.7,47.6
45,613,0.5696,0.3504,0.0296,0.0,0.000499,2.88,31.6,88.7,47.6
50,613,1.1418,0.6991,0.0826,0.0001,0.000499,1.74,31.6,88.7,47.6
55,613,0.5965,0.3931,0.0177,0.0,0.000498,1.23,31.6,88.7,50.4
60,613,0.7845,0.4707,0.0158,0.0,0.000497,1.1,31.6,88.7,50.2
65,613,0.4364,0.3122,0.0151,0.0001,0.000496,1.56,31.6,88.7,50.0
70,613,0.5703,0.3785,0.017,0.0,0.000495,1.04,31.6,88.7,49.8
75,613,0.6337,0.3943,0.0107,0.0,0.000493,1.48,31.6,88.7,49.7
80,613,0.4497,0.3123,0.0088,0.0002,0.000492,0.79,31.6,88.7,49.6
85,613,0.7697,0.445,0.04,0.0002,0.00049,0.61,31.6,88.7,49.5
90,613,0.6819,0.4128,0.0133,0.0005,0.000488,0.6,31.6,88.7,49.3
95,613,0.7752,0.444,0.0047,0.0,0.000486,1.21,31.6,88.7,49.2
100,613,0.6359,0.411,0.0079,0.0,0.000484,0.64,31.6,88.7,49.1
105,613,0.5732,0.3619,0.007,0.0,0.000482,1.04,31.6,88.7,50.8
110,613,0.7537,0.4438,0.0051,0.0,0.000479,0.81,31.6,88.7,50.7
115,613,0.7089,0.4449,0.0091,0.0,0.000477,0.77,31.6,88.7,50.5
120,613,0.6586,0.4224,0.0051,0.0,0.000474,0.87,31.6,88.7,50.4
125,613,0.6281,0.404,0.0078,0.0,0.000471,0.75,31.6,88.7,50.3
130,613,0.651,0.44,0.0061,0.0,0.000468,0.9,31.6,88.7,50.2
135,613,0.8164,0.3911,0.0556,2.3174,0.000465,0.37,31.6,88.7,50.1
140,613,0.6559,0.4032,0.0058,0.0,0.000462,1.25,31.6,88.7,50.0
145,613,0.6935,0.4807,0.0243,0.0,0.000458,1.13,31.6,88.7,49.9
150,613,0.7762,0.5643,0.0062,0.0,0.000455,6.21,31.6,88.7,49.8
155,613,0.8992,0.5866,0.0171,0.0,0.000451,1.43,31.6,88.7,50.8
160,613,0.7176,0.5025,0.0129,0.0001,0.000447,0.83,31.6,88.7,50.7
165,613,0.9404,0.5538,0.0442,0.0,0.000443,0.99,31.6,88.7,50.6
170,613,0.7689,0.4888,0.0053,0.0,0.000439,1.68,31.6,88.7,50.5
175,613,0.612,0.4069,0.0059,0.0,0.000435,0.66,31.6,88.7,50.4
180,613,0.5918,0.4049,0.0067,0.0,0.00043,4.11,31.6,88.7,50.3
185,613,0.5481,0.3843,0.0067,0.001,0.000426,0.73,31.6,88.7,50.3
190,613,0.6737,0.46,0.0077,0.0,0.000421,0.9,31.6,88.7,50.2
195,613,0.5514,0.3757,0.0073,0.0,0.000417,0.63,31.6,88.7,50.1
200,613,0.5311,0.3747,0.0073,0.0,0.000412,0.92,31.6,88.7,50.1
205,613,0.5375,0.4037,0.0078,0.0,0.000407,1.42,31.6,88.7,50.9
210,613,0.7501,0.5362,0.0104,0.0,0.000402,0.95,31.6,88.7,50.8
215,613,0.7707,0.5269,0.0058,0.0,0.000397,0.82,31.6,88.7,50.8
220,613,0.7044,0.4879,0.0229,0.0,0.000392,1.03,31.6,88.7,50.7
225,613,0.6661,0.4997,0.0097,0.0,0.000387,4.29,31.6,88.7,50.6
230,613,0.7741,0.5337,0.0037,0.0,0.000381,1.06,31.6,88.7,50.6
235,613,1.0107,0.6519,0.0256,0.0,0.000376,0.98,31.6,88.7,50.5
240,613,0.6536,0.4415,0.0035,0.0,0.000371,0.7,31.6,88.7,50.4
245,613,0.6078,0.4091,0.0047,0.0,0.000365,1.26,31.6,88.7,50.4
250,613,0.6832,0.4612,0.0037,0.0,0.00036,0.77,31.6,88.7,50.3
255,613,0.9056,0.5863,0.0059,0.0,0.000354,2.2,31.6,88.7,50.9
260,613,0.6379,0.4553,0.0135,0.0,0.000348,1.48,31.6,88.7,50.8
265,613,0.6549,0.4596,0.004,0.0,0.000342,0.82,31.6,88.7,50.8
270,613,0.8577,0.5643,0.0053,0.0,0.000337,1.24,31.6,88.7,50.7
275,613,0.6452,0.4351,0.0047,0.0,0.000331,1.35,31.6,88.7,50.7
280,613,0.6015,0.445,0.0038,0.0,0.000325,0.75,31.6,88.7,50.6
285,613,0.5991,0.4214,0.0026,0.0,0.000319,0.46,31.6,88.7,50.5
290,613,0.6663,0.4842,0.0772,0.0,0.000313,0.98,31.6,88.7,50.5
295,613,0.7464,0.5153,0.0077,0.0014,0.000307,0.97,31.6,88.7,50.4
300,613,0.8209,0.5349,0.0094,0.0,0.000301,1.13,31.6,88.7,50.4
305,613,0.7617,0.5007,0.0043,0.0,0.000295,0.82,31.6,88.7,51.0
310,613,0.5146,0.3537,0.0032,0.0,0.000289,0.51,31.6,88.7,50.9
315,613,0.6115,0.4641,0.008,0.0,0.000283,0.65,31.6,88.7,50.9
320,613,0.6197,0.4343,0.006,0.0,0.000277,0.75,31.6,88.7,50.8
325,613,0.6308,0.4216,0.0045,0.0,0.000271,0.82,31.6,88.7,50.8
330,613,0.5911,0.3956,0.0036,0.0,0.000265,0.7,31.6,88.7,50.7
335,613,0.8469,0.5807,0.0046,0.0,0.000259,1.02,31.6,88.7,50.7
340,613,0.5779,0.4165,0.0065,0.0,0.000253,0.63,31.6,88.7,50.6
345,613,0.8614,0.5408,0.0062,0.0,0.000247,1.2,31.6,88.7,50.6
350,613,0.5402,0.3805,0.0067,0.0,0.000241,0.49,31.6,88.7,50.5
355,613,0.5234,0.3702,0.0026,0.0,0.000235,0.43,31.6,88.7,50.9
360,613,0.5008,0.3435,0.0044,0.0,0.000229,0.65,31.6,88.7,50.9
365,613,0.4841,0.3581,0.0039,0.0,0.000223,0.58,31.6,88.7,50.8
370,613,0.814,0.5103,0.0147,0.0,0.000217,0.48,31.6,88.7,50.8
375,613,0.7383,0.4787,0.0029,0.0,0.000211,0.87,31.6,88.7,50.7
380,613,0.6084,0.4187,0.0042,0.0,0.000205,0.68,31.6,88.7,50.7
385,613,0.7954,0.4883,0.0058,0.0,0.0002,0.96,31.6,88.7,50.7
390,613,0.6281,0.4027,0.0024,0.0,0.000194,0.78,31.6,88.7,50.6
395,613,0.5303,0.3708,0.0049,0.0,0.000188,0.34,31.6,88.7,50.6
400,613,0.905,0.5687,0.0118,0.0,0.000183,0.64,31.6,88.7,50.5
405,613,0.5743,0.3775,0.0059,0.0,0.000177,0.34,31.6,88.7,51.0
410,613,1.0338,0.5936,0.0129,0.0,0.000172,0.57,31.6,88.7,50.9
415,613,0.5325,0.3687,0.0081,0.0,0.000166,0.53,31.6,88.7,50.9
420,613,0.5728,0.4166,0.0096,0.0,0.000161,0.91,31.6,88.7,50.8
425,613,0.6886,0.4492,0.0041,0.0,0.000156,0.83,31.6,88.7,50.8
430,613,0.7877,0.4707,0.0086,0.0,0.000151,0.76,31.6,88.7,50.8
435,613,0.7232,0.4468,0.0118,0.0,0.000146,0.44,31.6,88.7,50.7
440,613,0.6097,0.4075,0.0069,0.0,0.000141,0.57,31.6,88.7,50.7
445,613,0.6329,0.4179,0.0041,0.0,0.000136,0.3,31.6,88.7,50.7
450,613,0.5667,0.3704,0.002,0.0,0.000131,0.38,31.6,88.7,50.6
455,613,0.5573,0.3738,0.0052,0.0,0.000127,0.65,31.6,88.7,50.9
460,613,0.6081,0.3996,0.0023,0.0,0.000122,0.41,31.6,88.7,50.9
465,613,0.4481,0.3023,0.0038,0.0,0.000118,0.39,31.6,88.7,50.9
470,613,0.5471,0.3673,0.0017,0.0,0.000114,0.49,31.6,88.7,50.8
475,613,0.692,0.4289,0.005,0.0,0.000109,0.76,31.6,88.7,50.8
480,613,0.8079,0.4681,0.0055,0.0,0.000105,0.44,31.6,88.7,50.8
485,613,0.5995,0.393,0.0026,0.0,0.000101,0.72,31.6,88.7,50.7
490,613,0.5901,0.383,0.0039,0.0,9.76e-05,0.63,31.6,88.7,50.7
495,613,0.4557,0.3115,0.0042,0.0,9.4e-05,0.34,31.6,88.7,50.7
500,613,0.5462,0.3605,0.0025,0.0,9.04e-05,0.43,31.6,88.7,50.6
505,613,0.676,0.4128,0.0035,0.0,8.7e-05,0.59,31.6,88.7,51.0
510,613,0.5203,0.3239,0.0026,0.0,8.38e-05,0.51,31.6,88.7,50.9
515,613,0.7529,0.4973,0.0169,0.0,8.07e-05,0.32,31.6,88.7,50.9
520,613,0.5732,0.3629,0.006,0.0,7.77e-05,0.49,31.6,88.7,50.9
525,613,0.644,0.382,0.0097,0.0,7.48e-05,0.55,31.6,88.7,50.8
530,613,0.5466,0.34,0.0019,0.0,7.21e-05,0.46,31.6,88.7,50.8
535,613,0.5285,0.3487,0.0017,0.0,6.96e-05,0.31,31.6,88.7,50.8
540,613,0.3884,0.251,0.0038,0.0,6.72e-05,0.6,31.6,88.7,50.8
545,613,0.8426,0.4686,0.0041,0.0,6.49e-05,1.03,31.6,88.7,50.7
550,613,0.5073,0.3263,0.0043,0.0,6.28e-05,0.47,31.6,88.7,50.7
555,613,0.6893,0.4,0.0065,0.0,6.09e-05,0.6,31.6,88.7,51.0
560,613,0.6489,0.3819,0.0078,0.0,5.91e-05,0.29,31.6,88.7,50.9
565,613,0.725,0.4241,0.0048,0.0,5.75e-05,0.55,31.6,88.7,50.9
570,613,0.9634,0.521,0.0134,0.0,5.6e-05,0.47,31.6,88.7,50.9
575,613,0.3817,0.2549,0.0032,0.0,5.47e-05,0.44,31.6,88.7,50.8
580,613,0.5446,0.311,0.0079,0.0,5.35e-05,0.47,31.6,88.7,50.8
585,613,0.6304,0.3804,0.0025,0.0,5.26e-05,0.53,31.6,88.7,50.8
590,613,0.6803,0.3996,0.0011,0.0,5.17e-05,0.45,31.6,88.7,50.8
595,613,0.5978,0.3845,0.004,0.0,5.11e-05,0.29,31.6,88.7,50.7
600,613,0.4349,0.3063,0.0013,0.0,5.06e-05,1.31,31.6,88.7,50.7
605,613,0.3822,0.2996,0.0019,0.0,5.02e-05,0.82,31.6,88.7,51.0
610,613,0.3809,0.2932,0.0023,0.0,5e-05,0.23,31.6,88.7,51.0
